[
    {
        "id": "NZWN_PavementLimits",
        "nav_type": "comp_note",
        "revised": null,
        "effective": null,
        "properties": {
            "note_type": "Operational",
            "note_topic_id": "1.276.8 Pavement Limitations and Concessions",
            "title": null,
            "media_type": "text/html"
        },
        "media": "*This will be a table",
        "_uri": null
    },
    {
        "id": "NZWN_WellingtonAirportBriefing",
        "nav_type": "comp_note",
        "revised": null,
        "effective": null,
        "properties": {
            "note_type": "Operational",
            "note_topic_id": "1.276.9 Wellington Airport Briefing",
            "title": null,
            "media_type": "text/html"
        },
        "media": null,
        "_uri": null
    }
]