[
    {
        "id": "AIRCRAFT DE-ICING",
        "nav_type": "note_topic",
        "name": "Aircraft De-Icing",
        "description": "Aircraft De-Icing",
        "reserved": true
    },
    {
        "id": "ARRIVAL",
        "nav_type": "note_topic",
        "name": "Arrival",
        "description": "Arrival",
        "reserved": true
    },
    {
        "id": "DEPARTURE",
        "nav_type": "note_topic",
        "name": "Departure",
        "description": "Departure",
        "reserved": true
    },
    {
        "id": "LOW-VISIBILITY PROCEDURES",
        "nav_type": "note_topic",
        "name": "Low-Visibility Procedures",
        "description": "Low-Visibility Procedures",
        "reserved": true
    },
    {
        "id": "NOISE ABATEMENT",
        "nav_type": "note_topic",
        "name": "Noise Abatement",
        "description": "Noise Abatement",
        "reserved": true
    },
    {
        "id": "ESCAPE",
        "nav_type": "note_topic",
        "name": "Escape",
        "description": "Critical Depressurization Procedures",
        "reserved": false
    },
    {
        "id": "TEST TOPIC",
        "nav_type": "note_topic",
        "name": "TEST TOPIC",
        "description": "this is for testing purposes",
        "reserved": true
    }
]